Auto-update on Fri May  2 05:28:16 UTC 2025
Auto-update on Sat May  3 03:13:19 UTC 2025
Auto-update on Sun May  4 03:32:58 UTC 2025
Auto-update on Mon May  5 03:31:03 UTC 2025
Auto-update on Tue May  6 03:27:33 UTC 2025
Auto-update on Wed May  7 03:28:44 UTC 2025
Auto-update on Thu May  8 03:30:30 UTC 2025
Auto-update on Fri May  9 03:29:05 UTC 2025
Auto-update on Sat May 10 03:13:26 UTC 2025
Auto-update on Sun May 11 03:30:54 UTC 2025
Auto-update on Mon May 12 03:32:08 UTC 2025
Auto-update on Tue May 13 03:30:54 UTC 2025
Auto-update on Wed May 14 03:29:26 UTC 2025
Auto-update on Thu May 15 03:29:48 UTC 2025
Auto-update on Fri May 16 03:31:41 UTC 2025
Auto-update on Sat May 17 03:26:33 UTC 2025
Auto-update on Sun May 18 03:33:54 UTC 2025
Auto-update on Mon May 19 03:37:01 UTC 2025
Auto-update on Tue May 20 03:31:17 UTC 2025
Auto-update on Wed May 21 03:30:27 UTC 2025
Auto-update on Thu May 22 03:30:41 UTC 2025
Auto-update on Fri May 23 03:30:51 UTC 2025
Auto-update on Sat May 24 03:15:54 UTC 2025
Auto-update on Sun May 25 03:37:10 UTC 2025
Auto-update on Mon May 26 03:35:08 UTC 2025
Auto-update on Tue May 27 03:30:51 UTC 2025
Auto-update on Wed May 28 03:32:10 UTC 2025
Auto-update on Thu May 29 03:33:27 UTC 2025
Auto-update on Fri May 30 03:31:39 UTC 2025
Auto-update on Sat May 31 03:29:40 UTC 2025
Auto-update on Sun Jun  1 03:51:55 UTC 2025
Auto-update on Mon Jun  2 03:41:29 UTC 2025
Auto-update on Tue Jun  3 01:20:42 UTC 2025
Auto-update on Wed Jun  4 01:20:28 UTC 2025
Auto-update on Thu Jun  5 01:19:39 UTC 2025
Auto-update on Fri Jun  6 01:19:25 UTC 2025
Auto-update on Sat Jun  7 01:18:57 UTC 2025
Auto-update on Sun Jun  8 01:27:07 UTC 2025
Auto-update on Mon Jun  9 01:24:14 UTC 2025
Auto-update on Tue Jun 10 01:21:21 UTC 2025
Auto-update on Wed Jun 11 01:21:08 UTC 2025
Auto-update on Thu Jun 12 01:19:50 UTC 2025
Auto-update on Fri Jun 13 01:21:08 UTC 2025
Auto-update on Sat Jun 14 01:17:59 UTC 2025
Auto-update on Sun Jun 15 01:36:52 UTC 2025
Auto-update on Mon Jun 16 01:23:20 UTC 2025
Auto-update on Tue Jun 17 01:21:09 UTC 2025
Auto-update on Wed Jun 18 01:20:30 UTC 2025
Auto-update on Thu Jun 19 01:21:05 UTC 2025
Auto-update on Fri Jun 20 01:20:22 UTC 2025
Auto-update on Sat Jun 21 01:19:32 UTC 2025
Auto-update on Sun Jun 22 01:28:08 UTC 2025
Auto-update on Mon Jun 23 01:25:39 UTC 2025
Auto-update on Tue Jun 24 01:21:29 UTC 2025
Auto-update on Wed Jun 25 01:21:55 UTC 2025
Auto-update on Thu Jun 26 01:20:52 UTC 2025
Auto-update on Fri Jun 27 01:21:52 UTC 2025
Auto-update on Sat Jun 28 01:18:55 UTC 2025
Auto-update on Sun Jun 29 01:37:54 UTC 2025
Auto-update on Mon Jun 30 01:25:49 UTC 2025
Auto-update on Tue Jul  1 01:39:31 UTC 2025
Auto-update on Wed Jul  2 01:21:31 UTC 2025
Auto-update on Thu Jul  3 01:21:26 UTC 2025
Auto-update on Fri Jul  4 01:21:08 UTC 2025
Auto-update on Sat Jul  5 01:18:26 UTC 2025
Auto-update on Sun Jul  6 01:36:34 UTC 2025
Auto-update on Mon Jul  7 01:26:03 UTC 2025
Auto-update on Tue Jul  8 01:22:07 UTC 2025
Auto-update on Wed Jul  9 01:23:03 UTC 2025
Auto-update on Thu Jul 10 01:22:57 UTC 2025
Auto-update on Fri Jul 11 01:24:02 UTC 2025
Auto-update on Sat Jul 12 01:25:26 UTC 2025
Auto-update on Sun Jul 13 01:40:27 UTC 2025
Auto-update on Mon Jul 14 01:27:25 UTC 2025
Auto-update on Tue Jul 15 01:28:03 UTC 2025
Auto-update on Wed Jul 16 01:25:09 UTC 2025
Auto-update on Thu Jul 17 01:26:05 UTC 2025
Auto-update on Fri Jul 18 01:25:28 UTC 2025
Auto-update on Sat Jul 19 01:22:55 UTC 2025
Auto-update on Sun Jul 20 01:41:55 UTC 2025
Auto-update on Mon Jul 21 01:39:54 UTC 2025
Auto-update on Tue Jul 22 01:25:59 UTC 2025
Auto-update on Wed Jul 23 01:26:47 UTC 2025
Auto-update on Thu Jul 24 01:26:16 UTC 2025
Auto-update on Fri Jul 25 01:25:56 UTC 2025
Auto-update on Sat Jul 26 01:23:54 UTC 2025
Auto-update on Sun Jul 27 01:42:31 UTC 2025
Auto-update on Mon Jul 28 01:40:56 UTC 2025
Auto-update on Tue Jul 29 01:46:13 UTC 2025
Auto-update on Wed Jul 30 01:27:53 UTC 2025
Auto-update on Thu Jul 31 01:27:21 UTC 2025
Auto-update on Fri Aug  1 01:46:09 UTC 2025
Auto-update on Sat Aug  2 01:23:51 UTC 2025
Auto-update on Sun Aug  3 01:43:59 UTC 2025
Auto-update on Mon Aug  4 01:43:55 UTC 2025
Auto-update on Tue Aug  5 01:39:40 UTC 2025
Auto-update on Wed Aug  6 01:28:06 UTC 2025
Auto-update on Thu Aug  7 01:37:53 UTC 2025
Auto-update on Fri Aug  8 01:27:58 UTC 2025
Auto-update on Sat Aug  9 01:21:06 UTC 2025
Auto-update on Sun Aug 10 01:41:02 UTC 2025
Auto-update on Mon Aug 11 01:38:16 UTC 2025
Auto-update on Tue Aug 12 01:20:21 UTC 2025
Auto-update on Wed Aug 13 01:21:48 UTC 2025
Auto-update on Thu Aug 14 01:22:08 UTC 2025
Auto-update on Fri Aug 15 01:22:47 UTC 2025
Auto-update on Sat Aug 16 01:18:33 UTC 2025
Auto-update on Sun Aug 17 01:27:45 UTC 2025
Auto-update on Mon Aug 18 01:26:53 UTC 2025
Auto-update on Tue Aug 19 01:18:38 UTC 2025
Auto-update on Wed Aug 20 01:16:43 UTC 2025
Auto-update on Thu Aug 21 01:15:56 UTC 2025
Auto-update on Fri Aug 22 01:16:41 UTC 2025
Auto-update on Sat Aug 23 01:14:12 UTC 2025
Auto-update on Sun Aug 24 01:24:42 UTC 2025
Auto-update on Mon Aug 25 01:19:36 UTC 2025
Auto-update on Tue Aug 26 01:17:33 UTC 2025
Auto-update on Wed Aug 27 01:15:22 UTC 2025
Auto-update on Thu Aug 28 01:14:43 UTC 2025
Auto-update on Fri Aug 29 01:14:36 UTC 2025
Auto-update on Sat Aug 30 01:11:07 UTC 2025
Auto-update on Sun Aug 31 01:19:31 UTC 2025
Auto-update on Mon Sep  1 01:26:19 UTC 2025
Auto-update on Tue Sep  2 01:15:43 UTC 2025
Auto-update on Wed Sep  3 01:11:38 UTC 2025
Auto-update on Thu Sep  4 01:11:12 UTC 2025
Auto-update on Fri Sep  5 01:13:00 UTC 2025
Auto-update on Sat Sep  6 01:11:19 UTC 2025
Auto-update on Sun Sep  7 01:18:27 UTC 2025
Auto-update on Mon Sep  8 01:16:45 UTC 2025
Auto-update on Tue Sep  9 01:14:07 UTC 2025
Auto-update on Wed Sep 10 01:12:06 UTC 2025
Auto-update on Thu Sep 11 01:13:40 UTC 2025
Auto-update on Fri Sep 12 01:10:49 UTC 2025
Auto-update on Sat Sep 13 01:07:45 UTC 2025
Auto-update on Sun Sep 14 01:17:42 UTC 2025
Auto-update on Mon Sep 15 01:17:48 UTC 2025
Auto-update on Tue Sep 16 01:11:46 UTC 2025
Auto-update on Wed Sep 17 01:11:38 UTC 2025
Auto-update on Thu Sep 18 01:11:35 UTC 2025
Auto-update on Fri Sep 19 01:13:46 UTC 2025
Auto-update on Sat Sep 20 01:10:24 UTC 2025
Auto-update on Sun Sep 21 01:19:31 UTC 2025
Auto-update on Mon Sep 22 01:18:49 UTC 2025
Auto-update on Tue Sep 23 01:12:24 UTC 2025
Auto-update on Wed Sep 24 01:13:05 UTC 2025
Auto-update on Thu Sep 25 01:13:44 UTC 2025
Auto-update on Fri Sep 26 01:13:22 UTC 2025
Auto-update on Sat Sep 27 01:10:25 UTC 2025
Auto-update on Sun Sep 28 01:20:22 UTC 2025
Auto-update on Mon Sep 29 01:15:18 UTC 2025
Auto-update on Tue Sep 30 01:14:27 UTC 2025
Auto-update on Wed Oct  1 01:21:33 UTC 2025
Auto-update on Thu Oct  2 01:11:59 UTC 2025
Auto-update on Fri Oct  3 01:11:44 UTC 2025
Auto-update on Sat Oct  4 01:09:17 UTC 2025
Auto-update on Sun Oct  5 01:19:29 UTC 2025
Auto-update on Mon Oct  6 01:14:05 UTC 2025
Auto-update on Tue Oct  7 01:12:50 UTC 2025
Auto-update on Wed Oct  8 01:12:37 UTC 2025
Auto-update on Thu Oct  9 01:13:18 UTC 2025
Auto-update on Fri Oct 10 01:13:32 UTC 2025
Auto-update on Sat Oct 11 01:10:42 UTC 2025
Auto-update on Sun Oct 12 01:16:37 UTC 2025
Auto-update on Mon Oct 13 01:18:22 UTC 2025
Auto-update on Tue Oct 14 01:13:26 UTC 2025
Auto-update on Wed Oct 15 01:15:30 UTC 2025
Auto-update on Thu Oct 16 01:14:47 UTC 2025
Auto-update on Fri Oct 17 01:14:41 UTC 2025
Auto-update on Sat Oct 18 01:10:53 UTC 2025
Auto-update on Sun Oct 19 01:22:52 UTC 2025
Auto-update on Mon Oct 20 01:20:04 UTC 2025
Auto-update on Tue Oct 21 01:16:50 UTC 2025
Auto-update on Wed Oct 22 01:18:05 UTC 2025
Auto-update on Thu Oct 23 01:16:25 UTC 2025
Auto-update on Fri Oct 24 01:12:41 UTC 2025
Auto-update on Sat Oct 25 01:13:37 UTC 2025
Auto-update on Sun Oct 26 01:20:57 UTC 2025
Auto-update on Mon Oct 27 01:22:26 UTC 2025
Auto-update on Tue Oct 28 01:15:09 UTC 2025
Auto-update on Wed Oct 29 01:20:08 UTC 2025
Auto-update on Thu Oct 30 01:19:34 UTC 2025
Auto-update on Fri Oct 31 01:17:12 UTC 2025
Auto-update on Sat Nov  1 01:21:18 UTC 2025
Auto-update on Sun Nov  2 01:22:13 UTC 2025
Auto-update on Mon Nov  3 01:20:39 UTC 2025
Auto-update on Tue Nov  4 01:17:43 UTC 2025
Auto-update on Wed Nov  5 01:19:15 UTC 2025
Auto-update on Thu Nov  6 01:18:52 UTC 2025
Auto-update on Fri Nov  7 01:18:09 UTC 2025
Auto-update on Sat Nov  8 01:14:22 UTC 2025
Auto-update on Sun Nov  9 01:21:37 UTC 2025
Auto-update on Mon Nov 10 01:21:29 UTC 2025
Auto-update on Tue Nov 11 01:19:17 UTC 2025
Auto-update on Wed Nov 12 01:18:58 UTC 2025
Auto-update on Thu Nov 13 01:19:25 UTC 2025
Auto-update on Fri Nov 14 01:18:39 UTC 2025
Auto-update on Sat Nov 15 01:16:50 UTC 2025
Auto-update on Sun Nov 16 01:24:00 UTC 2025
Auto-update on Mon Nov 17 01:19:53 UTC 2025
Auto-update on Tue Nov 18 01:18:44 UTC 2025
Auto-update on Wed Nov 19 01:18:27 UTC 2025
Auto-update on Thu Nov 20 01:17:08 UTC 2025
Auto-update on Fri Nov 21 01:18:06 UTC 2025
Auto-update on Sat Nov 22 01:15:25 UTC 2025
Auto-update on Sun Nov 23 01:37:10 UTC 2025
Auto-update on Mon Nov 24 01:23:45 UTC 2025
Auto-update on Tue Nov 25 01:18:57 UTC 2025
Auto-update on Wed Nov 26 01:19:10 UTC 2025
Auto-update on Thu Nov 27 01:17:53 UTC 2025
Auto-update on Fri Nov 28 01:17:13 UTC 2025
Auto-update on Sat Nov 29 01:17:29 UTC 2025
Auto-update on Sun Nov 30 01:28:05 UTC 2025
Auto-update on Mon Dec  1 01:43:12 UTC 2025
Auto-update on Tue Dec  2 01:20:34 UTC 2025
Auto-update on Wed Dec  3 01:20:52 UTC 2025
Auto-update on Thu Dec  4 01:20:46 UTC 2025
Auto-update on Fri Dec  5 01:21:20 UTC 2025
Auto-update on Sat Dec  6 01:17:11 UTC 2025
Auto-update on Sun Dec  7 01:28:27 UTC 2025
Auto-update on Mon Dec  8 01:21:33 UTC 2025
Auto-update on Tue Dec  9 01:20:54 UTC 2025
Auto-update on Wed Dec 10 01:22:36 UTC 2025
Auto-update on Thu Dec 11 01:23:33 UTC 2025
Auto-update on Fri Dec 12 01:23:21 UTC 2025
Auto-update on Sat Dec 13 01:18:39 UTC 2025
Auto-update on Sun Dec 14 01:37:22 UTC 2025
Auto-update on Mon Dec 15 01:25:41 UTC 2025
Auto-update on Tue Dec 16 01:23:59 UTC 2025
Auto-update on Wed Dec 17 01:19:22 UTC 2025
Auto-update on Thu Dec 18 01:19:58 UTC 2025
Auto-update on Fri Dec 19 01:23:27 UTC 2025
Auto-update on Sat Dec 20 01:19:12 UTC 2025
Auto-update on Sun Dec 21 01:28:37 UTC 2025
Auto-update on Mon Dec 22 01:26:52 UTC 2025
Auto-update on Tue Dec 23 01:23:30 UTC 2025
Auto-update on Wed Dec 24 01:22:24 UTC 2025
Auto-update on Thu Dec 25 01:23:25 UTC 2025
Auto-update on Fri Dec 26 01:23:31 UTC 2025
Auto-update on Sat Dec 27 01:21:28 UTC 2025
Auto-update on Sun Dec 28 01:41:51 UTC 2025
Auto-update on Mon Dec 29 01:40:16 UTC 2025
Auto-update on Tue Dec 30 01:23:48 UTC 2025
Auto-update on Wed Dec 31 01:24:59 UTC 2025
Auto-update on Thu Jan  1 01:42:45 UTC 2026
Auto-update on Fri Jan  2 01:25:31 UTC 2026
Auto-update on Sat Jan  3 01:20:53 UTC 2026
Auto-update on Sun Jan  4 01:42:51 UTC 2026
Auto-update on Mon Jan  5 01:42:54 UTC 2026
Auto-update on Tue Jan  6 01:25:24 UTC 2026
Auto-update on Wed Jan  7 01:25:28 UTC 2026
Auto-update on Thu Jan  8 01:26:12 UTC 2026
Auto-update on Fri Jan  9 01:26:15 UTC 2026
Auto-update on Sat Jan 10 01:23:36 UTC 2026
Auto-update on Sun Jan 11 01:42:57 UTC 2026
Auto-update on Mon Jan 12 01:39:40 UTC 2026
Auto-update on Tue Jan 13 01:22:33 UTC 2026
Auto-update on Wed Jan 14 01:38:43 UTC 2026
Auto-update on Thu Jan 15 01:24:30 UTC 2026
Auto-update on Fri Jan 16 01:26:40 UTC 2026
Auto-update on Sat Jan 17 01:22:45 UTC 2026
Auto-update on Sun Jan 18 01:41:37 UTC 2026
Auto-update on Mon Jan 19 01:40:33 UTC 2026
Auto-update on Tue Jan 20 01:25:48 UTC 2026
Auto-update on Wed Jan 21 01:28:33 UTC 2026
Auto-update on Thu Jan 22 01:28:31 UTC 2026
Auto-update on Fri Jan 23 01:26:13 UTC 2026
Auto-update on Sat Jan 24 01:24:11 UTC 2026
Auto-update on Sun Jan 25 01:44:32 UTC 2026
Auto-update on Mon Jan 26 01:43:50 UTC 2026
Auto-update on Tue Jan 27 01:41:50 UTC 2026
Auto-update on Wed Jan 28 01:28:14 UTC 2026
Auto-update on Thu Jan 29 01:49:41 UTC 2026
Auto-update on Fri Jan 30 01:50:03 UTC 2026
Auto-update on Sat Jan 31 01:46:00 UTC 2026
Auto-update on Sun Feb  1 02:04:54 UTC 2026
Auto-update on Mon Feb  2 01:57:09 UTC 2026
Auto-update on Tue Feb  3 01:55:56 UTC 2026
Auto-update on Wed Feb  4 01:50:33 UTC 2026
Auto-update on Thu Feb  5 01:52:29 UTC 2026
Auto-update on Fri Feb  6 01:51:19 UTC 2026
Auto-update on Sat Feb  7 01:48:12 UTC 2026
Auto-update on Sun Feb  8 02:21:40 UTC 2026
Auto-update on Mon Feb  9 01:59:18 UTC 2026
Auto-update on Tue Feb 10 02:09:18 UTC 2026
Auto-update on Wed Feb 11 02:05:10 UTC 2026
Auto-update on Thu Feb 12 01:58:31 UTC 2026
Auto-update on Fri Feb 13 02:01:14 UTC 2026
Auto-update on Sat Feb 14 01:50:34 UTC 2026
Auto-update on Sun Feb 15 02:00:42 UTC 2026
Auto-update on Mon Feb 16 01:56:24 UTC 2026
Auto-update on Tue Feb 17 01:54:28 UTC 2026
Auto-update on Wed Feb 18 01:58:09 UTC 2026
Auto-update on Thu Feb 19 01:56:59 UTC 2026
Auto-update on Fri Feb 20 01:52:31 UTC 2026
Auto-update on Sat Feb 21 01:47:51 UTC 2026
Auto-update on Sun Feb 22 01:56:02 UTC 2026
Auto-update on Mon Feb 23 01:57:05 UTC 2026
Auto-update on Tue Feb 24 01:53:50 UTC 2026
